{"cameraMode":{"drawMode":0,"name":"Shaded","section":"Shading Mode"},"sceneLighting":true,"audioPlay":false,"sceneViewState":{"m_AlwaysRefresh":false,"showFog":true,"showSkybox":true,"showFlares":true,"showImageEffects":true,"showParticleSystems":true,"showVisualEffectGraphs":true,"m_FxEnabled":true},"in2DMode":false,"pivot":{"x":1.7481768131256104,"y":-1.51305091381073,"z":22.582843780517579},"rotation":{"x":0.045798324048519137,"y":0.17206232249736787,"z":-0.008007289841771126,"w":0.9839912056922913},"size":14.445147514343262,"orthographic":false}